Datetime,Water Level (m)
2025-02-11 00:00:00,0.11259498
2025-02-11 01:00:00,-0.096283786
2025-02-11 02:00:00,-0.29959524
2025-02-11 03:00:00,-0.51027346
2025-02-11 04:00:00,-0.665925
2025-02-11 05:00:00,-0.75129867
2025-02-11 06:00:00,-0.5048318
2025-02-11 07:00:00,-0.18386441
2025-02-11 08:00:00,0.11994554
2025-02-11 09:00:00,0.34401006
2025-02-11 10:00:00,0.38972285
2025-02-11 11:00:00,0.23592366
2025-02-11 12:00:00,0.007884505
2025-02-11 13:00:00,-0.18543348
2025-02-11 14:00:00,-0.3751764
2025-02-11 15:00:00,-0.56568044
2025-02-11 16:00:00,-0.706841
2025-02-11 17:00:00,-0.6849204
2025-02-11 18:00:00,-0.25837454
2025-02-11 19:00:00,0.09849859
2025-02-11 20:00:00,0.49966225
2025-02-11 21:00:00,0.7691577
2025-02-11 22:00:00,0.8578816
2025-02-11 23:00:00,0.6578107
2025-02-12 00:00:00,0.36189297
2025-02-12 01:00:00,0.11771862
2025-02-12 02:00:00,-0.09453121
2025-02-12 03:00:00,-0.31740868
2025-02-12 04:00:00,-0.51825017
2025-02-12 05:00:00,-0.66513044
2025-02-12 06:00:00,-0.6839517
2025-02-12 07:00:00,-0.23539424
2025-02-12 08:00:00,0.08518622
2025-02-12 09:00:00,0.40041792
2025-02-12 10:00:00,0.50697726
2025-02-12 11:00:00,0.45272854
2025-02-12 12:00:00,0.20682727
2025-02-12 13:00:00,-0.010117625
2025-02-12 14:00:00,-0.20911306
2025-02-12 15:00:00,-0.41034502
2025-02-12 16:00:00,-0.58883756
2025-02-12 17:00:00,-0.71288574
2025-02-12 18:00:00,-0.5486285
2025-02-12 19:00:00,-0.107843615
2025-02-12 20:00:00,0.29574925
2025-02-12 21:00:00,0.68445504
2025-02-12 22:00:00,0.8785967
2025-02-12 23:00:00,0.84050363
2025-02-13 00:00:00,0.54613256
2025-02-13 01:00:00,0.2681402
2025-02-13 02:00:00,0.03928728
2025-02-13 03:00:00,-0.17331327
2025-02-13 04:00:00,-0.40386188
2025-02-13 05:00:00,-0.57451665
2025-02-13 06:00:00,-0.6988805
2025-02-13 07:00:00,-0.44054782
2025-02-13 08:00:00,-0.034822334
2025-02-13 09:00:00,0.31115717
2025-02-13 10:00:00,0.54873717
2025-02-13 11:00:00,0.5779064
2025-02-13 12:00:00,0.41135383
2025-02-13 13:00:00,0.15241131
2025-02-13 14:00:00,-0.060537092
2025-02-13 15:00:00,-0.25839123
2025-02-13 16:00:00,-0.4641412
2025-02-13 17:00:00,-0.62516224
2025-02-13 18:00:00,-0.70295864
2025-02-13 19:00:00,-0.29133055
2025-02-13 20:00:00,0.09958196
2025-02-13 21:00:00,0.52754986
2025-02-13 22:00:00,0.8181313
2025-02-13 23:00:00,0.9025376
2025-02-14 00:00:00,0.70017153
2025-02-14 01:00:00,0.39207724
2025-02-14 02:00:00,0.1446465
2025-02-14 03:00:00,-0.07130858
2025-02-14 04:00:00,-0.2966563
2025-02-14 05:00:00,-0.49921218
2025-02-14 06:00:00,-0.6514149
2025-02-14 07:00:00,-0.66811407
2025-02-14 08:00:00,-0.17007887
2025-02-14 09:00:00,0.1740771
2025-02-14 10:00:00,0.5145468
2025-02-14 11:00:00,0.6227493
2025-02-14 12:00:00,0.56590295
2025-02-14 13:00:00,0.3035493
2025-02-14 14:00:00,0.07108521
2025-02-14 15:00:00,-0.1362099
2025-02-14 16:00:00,-0.34275007
2025-02-14 17:00:00,-0.5343987
2025-02-14 18:00:00,-0.6747608
2025-02-14 19:00:00,-0.60402405
2025-02-14 20:00:00,-0.09761991
2025-02-14 21:00:00,0.3019947
2025-02-14 22:00:00,0.6867947
2025-02-14 23:00:00,0.8388468
2025-02-15 00:00:00,0.78360444
2025-02-15 01:00:00,0.49187714
2025-02-15 02:00:00,0.23113465
2025-02-15 03:00:00,0.006400594
2025-02-15 04:00:00,-0.20577918
2025-02-15 05:00:00,-0.4273359
2025-02-15 06:00:00,-0.59307444
2025-02-15 07:00:00,-0.7056408
2025-02-15 08:00:00,-0.34845525
2025-02-15 09:00:00,0.036960363
2025-02-15 10:00:00,0.40984088
2025-02-15 11:00:00,0.6378381
2025-02-15 12:00:00,0.67201763
2025-02-15 13:00:00,0.48174566
2025-02-15 14:00:00,0.21232238
2025-02-15 15:00:00,-0.0054693306
2025-02-15 16:00:00,-0.20554307
2025-02-15 17:00:00,-0.4194323
2025-02-15 18:00:00,-0.5876284
2025-02-15 19:00:00,-0.6838644
2025-02-15 20:00:00,-0.3062885
2025-02-15 21:00:00,0.08732894
2025-02-15 22:00:00,0.48851493
2025-02-15 23:00:00,0.7462204
2025-02-16 00:00:00,0.7949599
2025-02-16 01:00:00,0.59604454
2025-02-16 02:00:00,0.31121224
2025-02-16 03:00:00,0.07881821
2025-02-16 04:00:00,-0.12993632
2025-02-16 05:00:00,-0.35116413
2025-02-16 06:00:00,-0.53696656
2025-02-16 07:00:00,-0.67756575
2025-02-16 08:00:00,-0.59980077
2025-02-16 09:00:00,-0.105691746
2025-02-16 10:00:00,0.2510113
2025-02-16 11:00:00,0.57090133
2025-02-16 12:00:00,0.66812176
2025-02-16 13:00:00,0.5851555
2025-02-16 14:00:00,0.3115539
2025-02-16 15:00:00,0.084536925
2025-02-16 16:00:00,-0.11893178
2025-02-16 17:00:00,-0.3246949
2025-02-16 18:00:00,-0.51680386
2025-02-16 19:00:00,-0.651857
2025-02-16 20:00:00,-0.5980879
2025-02-16 21:00:00,-0.14217488
2025-02-16 22:00:00,0.21729538
2025-02-16 23:00:00,0.55659735
2025-02-17 00:00:00,0.6764621
